ispb,codigo_compe,nome,nome_completo
00000000,001,"BCO DO BRASIL S.A.","Banco do Brasil S.A."
00000208,070,"BRB - BCO DE BRASILIA S.A.","BRB - BANCO DE BRASILIA S.A."
00038121,,Selic,"Banco Central do Brasil - Selic"
00038166,,Bacen,"Banco Central do Brasil"
00122327,539,"SANTINVEST S.A. - CFI","SANTINVEST S.A. - CREDITO, FINANCIAMENTO E INVESTIMENTOS"
00204963,430,"CCR SEARA","COOPERATIVA DE CREDITO RURAL SEARA - CREDISEARA"
00250699,272,"AGK CC S.A.","AGK CORRETORA DE CAMBIO S.A."
00315557,136,"UNICRED DO BRASIL","COOPERATIVA CENTRAL DE CRÉDITO UNICRED DO BRASIL - UNICRED DO BRASIL"
00329598,407,"SEFER INVESTIMENTOS DTVM LTDA","SEFER INVESTIMENTOS DISTRIBUIDORA DE TÍTULOS E VALORES MOBILIÁRIOS LTDA"
00360305,104,"CAIXA ECONOMICA FEDERAL","CAIXA ECONOMICA FEDERAL"
00394460,,STN,"Secretaria do Tesouro Nacional - STN"
00411939,714,"FINAMAX S.A. CFI","FINAMAX S.A. - CREDITO, FINANCIAMENTO E INVESTIMENTO"
00416968,077,"BANCO INTER","Banco Inter S.A."
00460065,423,"COLUNA S.A. DTVM","COLUNA S/A DISTRIBUIDORA DE TITULOS E VALORES MOBILIÁRIOS"
00517645,741,"BCO RIBEIRAO PRETO S.A.","BANCO RIBEIRAO PRETO S.A."
00556603,330,"BANCO BARI S.A.","BANCO BARI DE INVESTIMENTOS E FINANCIAMENTOS S.A."
00714671,534,"EWALLY IP S.A.","EWALLY INSTITUIÇÃO DE PAGAMENTO S.A."
00795423,743,"BANCO SEMEAR","Banco Semear S.A."
00806535,100,"PLANNER CV S.A.","Planner Corretora de Valores S.A."
00954288,541,"FDO GARANTIDOR CRÉDITOS","FUNDO GARANTIDOR DE CREDITOS - FGC"
00997185,096,"BCO B3 S.A.","Banco B3 S.A."
01023570,747,"BCO RABOBANK INTL BRASIL S.A.","Banco Rabobank International Brasil S.A."
01027058,362,"CIELO IP S.A.","CIELO S.A. - INSTITUIÇÃO DE PAGAMENTO"
01073966,322,"CCR DE ABELARDO LUZ","Cooperativa de Crédito Rural de Abelardo Luz - Sulcredi/Crediluz"
01181521,748,"BCO COOPERATIVO SICREDI S.A.","BANCO COOPERATIVO SICREDI S.A."
01330387,350,"COOPERATIVA DE CRÉDITO POPULAR DO BRASIL","COOPERATIVA DE CRÉDITO POPULAR DO BRASIL - CREHNOR"
01522368,752,"BCO BNP PARIBAS BRASIL S A","Banco BNP Paribas Brasil S.A."
01658426,379,"COOP COOPERFORTE LTDA.","COOPERFORTE COOPERATIVA DE CRÉDITO E INVESTIMENTOS LTDA"
01701201,399,"Kirton Bank","Kirton Bank S.A. - Banco Múltiplo"
01852137,378,"BCO BRASILEIRO DE CRÉDITO S.A.","BANCO BRASILEIRO DE CRÉDITO SOCIEDADE ANÔNIMA"
01858774,413,"BCO BV S.A.","BANCO BV S.A."
02038232,756,"BANCO SICOOB S.A.","BANCO COOPERATIVO SICOOB S.A. - BANCO SICOOB"
02276653,360,"TRINUS CAPITAL DTVM","TRINUS CAPITAL DISTRIBUIDORA DE TÍTULOS E VALORES MOBILIÁRIOS S.A."
02318507,757,"BCO KEB HANA DO BRASIL S.A.","BANCO KEB HANA DO BRASIL S.A."
02332886,102,"XP INVESTIMENTOS CCTVM S/A","XP INVESTIMENTOS CORRETORA DE CÂMBIO,TÍTULOS E VALORES MOBILIÁRIOS S/A"
02398976,084,"SISPRIME DO BRASIL - COOP","SISPRIME DO BRASIL - COOPERATIVA DE CRÉDITO"
02671743,591,"BANVOX DTVM","BANVOX DISTRIBUIDORA DE TÍTULOS E VALORES MOBILIÁRIOS LTDA"
02682287,555,"PAN FINAN","PAN FINANCEIRA S.A. - SOCIEDADE DE CRÉDITO, FINANCIAMENTO E INVESTIMENTOS"
02685483,180,"CM CAPITAL MARKETS CCTVM LTDA","CM CAPITAL MARKETS CORRETORA DE CÂMBIO, TÍTULOS E VALORES MOBILIÁRIOS LTDA"
02801938,066,"BCO MORGAN STANLEY S.A.","BANCO MORGAN STANLEY S.A."
02819125,015,"UBS BB CCTVM S.A.","UBS BB CORRETORA DE CÂMBIO, TÍTULOS E VALORES MOBILIÁRIOS S.A."
02992317,143,"INTEX BANK BCO DE CÂMBIO S.A.","INTEX BANK BANCO DE CÂMBIO S.A."
02992335,,"CIP SA Siloc","CIP S.A"
03017677,074,"BCO. J.SAFRA S.A.","Banco J. Safra S.A."
03046391,099,"UNIPRIME COOPCENTRAL LTDA.","UNIPRIME CENTRAL NACIONAL - CENTRAL NACIONAL DE COOPERATIVA DE CREDITO"
03215790,387,"BCO TOYOTA DO BRASIL S.A.","Banco Toyota do Brasil S.A."
03311443,326,"PARATI - CFI S.A.","PARATI - CREDITO, FINANCIAMENTO E INVESTIMENTO S.A."
03323840,025,"BCO ALFA S.A.","Banco Alfa S.A."
03532415,075,"BANCO ABN AMRO CLEARING S.A.","BANCO ABN AMRO CLEARING S.A."
03609817,040,"BCO CARGILL S.A.","Banco Cargill S.A."
03751794,307,"TERRA INVESTIMENTOS DTVM","Terra Investimentos Distribuidora de Títulos e Valores Mobiliários Ltda."
03816413,517,"PAGUEVELOZ IP LTDA.","PAGUEVELOZ INSTITUIÇÃO DE PAGAMENTO LTDA."
03844699,385,"CECM DOS TRAB.PORT. DA G.VITOR","COOPERATIVA DE ECONOMIA E CREDITO MUTUO DOS TRABALHADORES PORTUARIOS DA GRANDE VITORIA - CREDESTIVA."
03881423,425,"SOCINAL S.A. CFI","SOCINAL S.A. - CRÉDITO, FINANCIAMENTO E INVESTIMENTO"
03973814,190,SERVICOOP,"SERVICOOP - COOPERATIVA DE CRÉDITO DOS SERVIDORES PÚBLICOS ESTADUAIS E MUNICIPAIS DO RIO GRANDE DO SUL"
04062902,296,"OZ CORRETORA DE CÂMBIO S.A.","OZ CORRETORA DE CÂMBIO S.A."
04184779,063,"BANCO BRADESCARD","Banco Bradescard S.A."
04257795,191,"NOVA FUTURA CTVM LTDA.","Nova Futura Corretora de Títulos e Valores Mobiliários Ltda."
04306351,764,"INDEPENDÊNCIA CC","INDEPENDÊNCIA COOPERATIVA DE CRÉDITO E INVESTIMENTO - INDEPENDÊNCIA COOPERATIVA DE CRÉDITO"
04307598,382,"FIDUCIA SCMEPP LTDA","FIDÚCIA SOCIEDADE DE CRÉDITO AO MICROEMPREENDEDOR E À EMPRESA DE PEQUENO PORTE LIMITADA."
04332281,064,"GOLDMAN SACHS DO BRASIL BM S.A","GOLDMAN SACHS DO BRASIL BANCO MULTIPLO S.A."
04391007,,"CIP SA Sitraf","CIP S.A"
04632856,097,"CREDISIS - CENTRAL DE COOPERATIVAS DE CRÉDITO","CREDISIS - CENTRAL DE COOPERATIVAS DE CRÉDITO"
04715685,016,"CCM DESP TRÂNS SC E RS","COOPERATIVA DE CRÉDITO MÚTUO DOS DESPACHANTES DE TRÂNSITO DE SANTA CATARINA E RIO GRANDE DO SUL - SICOOB CREDITRAN"
04814563,299,"BCO AFINZ S.A. - BM","BANCO AFINZ S.A. - BANCO MÚLTIPLO"
04849745,540,"HBI SCD","HBI SOCIEDADE DE CRÉDITO DIRETO S/A."
04862600,468,"PORTOSEG S.A. CFI","PORTOSEG S.A. - CREDITO, FINANCIAMENTO E INVESTIMENTO"
04866275,012,"BANCO INBURSA","Banco Inbursa S.A."
04902979,003,"BCO DA AMAZONIA S.A.","BANCO DA AMAZONIA S.A."
04913129,060,"CONFIDENCE CC S.A.","CONFIDENCE SOCIEDADE CORRETORA DE CAMBIO S.A."
04913711,037,"BCO DO EST. DO PA S.A.","Banco do Estado do Pará S.A."
05192316,411,"VIA CERTA FINANCIADORA S.A. - CFI","Via Certa Financiadora S.A. - Crédito, Financiamento e Investimentos"
05351887,359,"ZEMA CFI S/A","ZEMA CRÉDITO, FINANCIAMENTO E INVESTIMENTO S/A"
05442029,159,"CASA CREDITO S.A. SCM","Casa do Crédito S.A. Sociedade de Crédito ao Microempreendedor"
05463212,085,"COOPCENTRAL AILOS","Cooperativa Central de Crédito - Ailos"
05491616,400,"COOP CREDITAG - EM LIQUIDAÇÃO EXTRAJUDICIAL","COOPERATIVA DE CRÉDITO, POUPANÇA E SERVIÇOS FINANCEIROS - EM LIQUIDAÇÃO EXTRAJUDICIAL"
05684234,410,"PLANNER SOCIEDADE DE CRÉDITO DIRETO","PLANNER SOCIEDADE DE CRÉDITO DIRETO S.A."
05841967,328,"CECM FABRIC CALÇADOS SAPIRANGA","COOPERATIVA DE ECONOMIA E CRÉDITO MÚTUO DOS FABRICANTES DE CALÇADOS DE SAPIRANGA LTDA."
06249129,548,"RPW S.A. SCFI","RPW S/A SOCIEDADE DE CRÉDITO, FINANCIAMENTO E INVESTIMENTO"
06271464,036,"BCO BBI S.A.","Banco Bradesco BBI S.A."
07138049,469,"PICPAY INVEST","PICPAY INVEST DISTRIBUIDORA DE TÍTULOS E VALORES MOBILIÁRIOS LTDA"
07207996,394,"BCO BRADESCO FINANC. S.A.","Banco Bradesco Financiamentos S.A."
07237373,004,"BCO DO NORDESTE DO BRASIL S.A.","Banco do Nordeste do Brasil S.A."
07253654,458,"HEDGE INVESTMENTS DTVM LTDA.","HEDGE INVESTMENTS DISTRIBUIDORA DE TÍTULOS E VALORES MOBILIÁRIOS LTDA."
07450604,320,"BOC BRASIL","BANK OF CHINA (BRASIL) BANCO MÚLTIPLO S/A"
07512441,189,"HS FINANCEIRA","HS FINANCEIRA S/A CREDITO, FINANCIAMENTO E INVESTIMENTOS"
07652226,105,"LECCA CFI S.A.","Lecca Crédito, Financiamento e Investimento S/A"
07656500,076,"BCO KDB BRASIL S.A.","Banco KDB do Brasil S.A."
07679404,082,"BANCO TOPÁZIO S.A.","BANCO TOPÁZIO S.A."
07693858,312,"HSCM SCMEPP LTDA.","HSCM - SOCIEDADE DE CRÉDITO AO MICROEMPREENDEDOR E À EMPRESA DE PEQUENO PORTE LTDA."
07799277,195,"VALOR S/A SCFI","VALOR S/A SOCIEDADE DE CRÉDITO, FINANCIAMENTO E INVESTIMENTO"
07945233,093,"POLOCRED SCMEPP LTDA.","PÓLOCRED   SOCIEDADE DE CRÉDITO AO MICROEMPREENDEDOR E À EMPRESA DE PEQUENO PORTE LTDA."
08240446,391,"CCR DE IBIAM","COOPERATIVA DE CREDITO RURAL DE IBIAM - SULCREDI/IBIAM"
08253539,273,"COOP SULCREDI AMPLEA","COOPERATIVA DE CREDITO SULCREDI AMPLEA"
08357240,368,"BCO CSF S.A.","Banco CSF S.A."
08482873,673,"CCR DO AGRESTE ALAGOANO","COOPERATIVA DE CRÉDITO RURAL DO AGRESTE ALAGOANO - COOPERAGRE"
08561701,290,"PAGSEGURO INTERNET IP S.A.","PAGSEGURO INTERNET INSTITUIÇÃO DE PAGAMENTO S.A."
08609934,259,"MONEYCORP BCO DE CÂMBIO S.A.","MONEYCORP BANCO DE CÂMBIO S.A."
08673569,395,"F D GOLD DTVM LTDA","F.D'GOLD - DISTRIBUIDORA DE TÍTULOS E VALORES MOBILIÁRIOS LTDA."
09089356,364,"EFÍ S.A. - IP","EFÍ S.A. - INSTITUIÇÃO DE PAGAMENTO"
09105360,157,"ICAP DO BRASIL CTVM LTDA.","ICAP do Brasil Corretora de Títulos e Valores Mobiliários Ltda."
09210106,183,"SOCRED SA - SCMEPP","SOCRED S.A. - SOCIEDADE DE CRÉDITO AO MICROEMPREENDEDOR E À EMPRESA DE PEQUENO PORTE"
09274232,014,"STATE STREET BR S.A. BCO COMERCIAL","STATE STREET BRASIL S.A. - BANCO COMERCIAL"
09313766,130,"CARUANA SCFI","CARUANA S.A. - SOCIEDADE DE CRÉDITO, FINANCIAMENTO E INVESTIMENTO"
09464032,358,"MIDWAY S.A. - SCFI","MIDWAY S.A. - SOCIEDADE DE CRÉDITO, FINANCIAMENTO E INVESTIMENTO"
09512542,127,"CODEPE CVC S.A.","Codepe Corretora de Valores e Câmbio S.A."
09516419,079,"PICPAY BANK - BANCO MÚLTIPLO S.A","PICPAY BANK - BANCO MÚLTIPLO S.A"
09526594,141,"MASTER BI S.A. - EM LIQUIDAÇÃO EXTRAJUDICIAL","BANCO MASTER DE INVESTIMENTO S.A. - EM LIQUIDAÇÃO EXTRAJUDICIAL"
10264663,081,"BANCOSEGURO S.A.","BancoSeguro S.A."
10371492,475,"BCO YAMAHA MOTOR S.A.","Banco Yamaha Motor do Brasil S.A."
10398952,133,"CRESOL CONFEDERAÇÃO","CONFEDERAÇÃO NACIONAL DAS COOPERATIVAS CENTRAIS DE CRÉDITO E ECONOMIA FAMILIAR E SOLIDÁRIA - CRESOL CONFEDERAÇÃO"
10440482,703,"GETNET IP","GETNET ADQUIRÊNCIA E SERVIÇOS PARA MEIOS DE PAGAMENTO S.A. INSTITUIÇÃO DE PAGAMENTO"
10573521,323,"MERCADO PAGO IP LTDA.","MERCADO PAGO INSTITUIÇÃO DE PAGAMENTO LTDA."
10663610,577,"AF DESENVOLVE SP S.A.","DESENVOLVE SP - AGÊNCIA DE FOMENTO DO ESTADO DE SÃO PAULO S.A."
10664513,121,"BCO AGIBANK S.A.","Banco Agibank S.A."
10690848,083,"BCO DA CHINA BRASIL S.A.","Banco da China Brasil S.A."
10789035,787,"ATTRUS IP S/A","ATTRUS INSTITUIÇÃO DE PAGAMENTO S/A"
10853017,138,"GET MONEY CC LTDA","Get Money Corretora de Câmbio S.A."
10866788,024,"BCO BANDEPE S.A.","Banco Bandepe S.A."
11165756,384,"GLOBAL SCM LTDA","GLOBAL FINANÇAS SOCIEDADE DE CRÉDITO AO MICROEMPREENDEDOR E À EMPRESA DE PEQUENO PORTE LTDA."
11285104,426,"NEON FINANCEIRA - SCFI S.A.","NEON FINANCEIRA - SOCIEDADE DE CRÉDITO, FINANCIAMENTO E INVESTIMENTO S.A"
11351086,576,"MERCADO BITCOIN IP LTDA","MERCADO BITCOIN INSTITUICAO DE PAGAMENTO LTDA"
11414839,664,"EAGLE IP LTDA.","EAGLE INSTITUICAO DE PAGAMENTO LTDA."
11476673,088,"BANCO RANDON S.A.","BANCO RANDON S.A."
11491029,670,BSN,"BSN PAGAMENTOS INSTITUIÇÃO DE PAGAMENTO LTDA"
11495073,319,"OM DTVM LTDA","OM DISTRIBUIDORA DE TÍTULOS E VALORES MOBILIÁRIOS LTDA"
11581339,274,"BMP SCMEPP LTDA","BMP SOCIEDADE DE CRÉDITO AO MICROEMPREENDEDOR E A EMPRESA DE PEQUENO PORTE LTDA."
11703662,095,"BANCO TRAVELEX S.A.","BANCO TRAVELEX S.A."
11758741,094,"BANCO FINAXIS","Banco Finaxis S.A."
11760553,478,"GAZINCRED S.A. SCFI","GAZINCRED S.A. SOCIEDADE DE CRÉDITO, FINANCIAMENTO E INVESTIMENTO"
11970623,276,"BCO SENFF S.A.","BANCO SENFF S.A."
12102128,780,"SAFETYPAY BRASIL IP LTDA","SAFETYPAY BRASIL INSTITUICAO DE PAGAMENTO LTDA"
12392983,447,"MIRAE ASSET (BRASIL) CCTVM LTDA.","MIRAE ASSET (BRASIL) CORRETORA DE CÂMBIO, TÍTULOS  E VALORES MOBILIÁRIOS LTDA."
12473687,569,"CONTA PRONTA IP","CONTA PRONTA INSTITUICAO DE PAGAMENTO LTDA"
12481100,686,"BIZ IP LTDA.","BIZ INSTITUIÇÃO DE PAGAMENTO S.A."
13009717,047,"BCO DO EST. DE SE S.A.","Banco do Estado de Sergipe S.A."
13059145,144,"EBURY BCO DE CÂMBIO S.A.","EBURY BANCO DE CÂMBIO S.A."
13140088,332,"ACESSO SOLUÇÕES DE PAGAMENTO S.A. - INSTITUIÇÃO DE PAGAMENTO","ACESSO SOLUÇÕES DE PAGAMENTO S.A. - INSTITUIÇÃO DE PAGAMENTO"
13203354,450,"FITS IP","FITS INSTITUIÇÃO DE PAGAMENTO S.A."
13220493,126,"BR PARTNERS BI","BR Partners Banco de Investimento S.A."
13370835,301,"DOCK IP S.A.","DOCK INSTITUIÇÃO DE PAGAMENTO S.A."
13486793,173,"BRL TRUST DTVM SA","BRL Trust Distribuidora de Títulos e Valores Mobiliários S.A."
13673855,331,"OSLO CAPITAL DTVM SA","OSLO CAPITAL DISTRIBUIDORA DE TÍTULOS E VALORES MOBILIÁRIOS S.A"
13720915,119,"BCO WESTERN UNION","Banco Western Union do Brasil S.A."
13884775,396,MAGALUPAY,"MAGALUPAY INSTITUIÇÃO DE PAGAMENTO S.A."
13935893,509,"CELCOIN IP S.A.","CELCOIN INSTITUICAO DE PAGAMENTO S.A."
14388334,254,"PARANA BCO S.A.","PARANÁ BANCO S.A."
14511781,268,"BARI CIA HIPOTECÁRIA","BARI COMPANHIA HIPOTECÁRIA"
15111975,401,"IUGU IP S.A.","IUGU INSTITUIÇÃO DE PAGAMENTO S.A."
15114366,107,"BCO BOCOM BBM S.A.","Banco Bocom BBM S.A."
15124464,334,"BANCO BESA S.A.","BANCO BESA S.A."
15173776,412,"SOCIAL BANK S/A","SOCIAL BANK BANCO MÚLTIPLO S/A"
15357060,124,"BCO WOORI BANK DO BRASIL S.A.","Banco Woori Bank do Brasil S.A."
15581638,149,"FACTA S.A. CFI","Facta Financeira S.A. - Crédito Financiamento e Investimento"
16501555,197,"STONE IP S.A.","STONE INSTITUIÇÃO DE PAGAMENTO S.A."
16695922,439,"ID CTVM","ID CORRETORA DE TÍTULOS E VALORES MOBILIÁRIOS S.A."
16814330,690,"BK IP S.A.","BK INSTITUIÇÃO DE PAGAMENTO S.A."
16944141,142,"BROKER BRASIL CC LTDA.","Broker Brasil Corretora de Câmbio Ltda."
17079937,529,"PINBANK IP","PINBANK BRASIL INSTITUIÇÃO DE PAGAMENTO S.A."
17157777,415,"BCO NACIONAL","BANCO NACIONAL S.A."
17184037,389,"BCO MERCANTIL DO BRASIL S.A.","Banco Mercantil do Brasil S.A."
17351180,634,"BCO TRIANGULO S.A.","BANCO TRIANGULO S.A."
17352220,545,"SENSO CCVM S.A.","SENSO CORRETORA DE CAMBIO E VALORES MOBILIARIOS S.A"
17453575,132,"ICBC DO BRASIL BM S.A.","ICBC do Brasil Banco Múltiplo S.A."
17772370,298,"VIPS CC S.A.","VIPS CORRETORA DE CÂMBIO S.A."
17826860,377,"BMS SCD S.A.","BMS SOCIEDADE DE CRÉDITO DIRETO S.A."
18188384,321,"CREFAZ SCMEPP SA","CREFAZ SOCIEDADE DE CRÉDITO AO MICROEMPREENDEDOR E A EMPRESA DE PEQUENO PORTE S.A."
18189547,542,"CLOUDWALK IP LTDA","CLOUDWALK INSTITUIÇÃO DE PAGAMENTO E SERVICOS LTDA"
18236120,260,"NU PAGAMENTOS - IP","NU PAGAMENTOS S.A. - INSTITUIÇÃO DE PAGAMENTO"
18282093,573,"OXY CH","OXY COMPANHIA HIPOTECÁRIA"
18394228,470,"CDC SCD S.A.","CDC SOCIEDADE DE CRÉDITO DIRETO S.A."
18520834,129,"UBS BB BI S.A.","UBS BB BANCO DE INVESTIMENTO S.A."
18684408,562,"AZIMUT BRASIL DTVM LTDA","AZIMUT BRASIL DISTRIBUIDORA DE TÍTULOS E VALORES MOBILIÁRIOS LTDA"
19307785,128,"BRAZA BANK S.A. BCO DE CÂMBIO","BRAZA BANK S.A. BANCO DE CÂMBIO"
19324634,416,"LAMARA SCD S.A.","LAMARA SOCIEDADE DE CRÉDITO DIRETO S.A."
19468242,595,"IFOOD PAGO IP","IFOOD PAGO INSTITUIÇÃO DE PAGAMENTO S.A."
19540550,461,"ASAAS IP S.A.","ASAAS GESTÃO FINANCEIRA INSTITUIÇÃO DE PAGAMENTO S.A."
20018183,665,"STARK BANK S.A. - IP","STARK BANK S.A. - INSTITUICAO DE PAGAMENTO"
20155248,194,"UNIDA DTVM LTDA","UNIDA DISTRIBUIDORA DE TÍTULOS E VALORES MOBILIÁRIOS LTDA."
20251847,538,"SUDACRED SCD S.A.","SUDACRED SOCIEDADE DE CRÉDITO DIRETO S.A."
20308187,588,"AVANCARD PROVER IP LTDA","AVANCARD PROVER INSTITUIÇÃO DE PAGAMENTO LTDA"
20443996,768,"BECKER FINANCEIRA SA - CFI","BECKER FINANCEIRA S.A. - CRÉDITO, FINANCIAMENTO E INVESTIMENTO"
20757199,561,"PAY4FUN IP S.A.","PAY4FUN INSTITUICAO DE PAGAMENTO S.A."
20833992,772,"CC MECUNP","COOPERATIVA DE CRÉDITO MÚTUO DOS EMPREGADOS DO CENTRO UNIVERSITÁRIO NEWTON PAIVA LTDA. - CREDIPAIVA"
20855875,536,"NEON PAGAMENTOS S.A. IP","NEON PAGAMENTOS S.A. - INSTITUIÇÃO DE PAGAMENTO"
21018182,383,"EBANX IP LTDA.","EBANX INSTITUICAO DE PAGAMENTOS LTDA."
21332862,324,"CARTOS SCD S.A.","CARTOS SOCIEDADE DE CRÉDITO DIRETO S.A."
21995256,560,"MAG IP LTDA.","MAG INSTITUICAO DE PAGAMENTO LTDA"
22575466,533,"SRM BANK","SRM BANK INSTITUIÇÃO DE PAGAMENTO S/A"
22610500,310,"VORTX DTVM LTDA.","VORTX DISTRIBUIDORA DE TITULOS E VALORES MOBILIARIOS LTDA."
22896431,380,PICPAY,"PICPAY INSTITUIçãO DE PAGAMENTO S.A."
23114447,566,"FLAGSHIP IP LTDA","FLAGSHIP INSTITUICAO DE PAGAMENTO LTDA"
23399607,,"CERC S.A.","CERC S.A."
23862762,280,"WILL FINANCEIRA S.A.CFI - EM LIQUIDAÇÃO EXTRAJUDICIAL","WILL FINANCEIRA S.A. CRÉDITO, FINANCIAMENTO E INVESTIMENTO - EM LIQUIDAÇÃO EXTRAJUDICIAL"
24074692,146,"GUITTA CC LTDA","GUITTA CORRETORA DE CAMBIO LTDA."
24313102,769,"99PAY IP S.A.","99PAY INSTITUICAO DE PAGAMENTO S.A."
25104230,651,"PAGARE IP S.A.","PAGARE INSTITUICAO DE PAGAMENTO S.A."
26264220,671,"ZERO IP","ZERO INSTITUIÇÃO DE PAGAMENTO S.A."
26615279,685,"TYCOON TECHNOLOGY IIP S.A","TYCOON TECHNOLOGY INSTITUICAO DE PAGAMENTO S.A"
27084098,593,"TRANSFEERA IP S.A.","TRANSFEERA INSTITUIÇÃO DE PAGAMENTO S.A"
27098060,335,"BANCO DIGIO","Banco Digio S.A."
27214112,349,"AL5 S.A. SCFI","AL5 S.A. SOCIEDADE DE CRÉDITO, FINANCIAMENTO E INVESTIMENTO"
27302181,427,CRED.UFES,"COOPERATIVA DE CRÉDITO DOS SERVIDORES DA UNIVERSIDADE FEDERAL DO ESPIRITO SANTO"
27351731,374,"REALIZE SCFI S.A.","REALIZE SOCIEDADE DE CRÉDITO, FINANCIAMENTO E INVESTIMENTO S.A."
27652684,278,"GENIAL INVESTIMENTOS CVM S.A.","Genial Investimentos Corretora de Valores Mobiliários S.A."
27842177,271,"BPY CCTVM S.A.","BPY CORRETORA DE CÂMBIO, TÍTULOS E VALORES MOBILIÁRIOS S.A."
27970567,674,"HINOVA PAY IP S.A.","HINOVA PAY INSTITUICAO DE PAGAMENTO S.A."
28127603,021,"BCO BANESTES S.A.","BANESTES S.A. BANCO DO ESTADO DO ESPIRITO SANTO"
28195667,246,"BCO ABC BRASIL S.A.","Banco ABC Brasil S.A."
28650236,292,"GALAPAGOS DTVM S.A.","GALAPAGOS CAPITAL DISTRIBUIDORA DE TÍTULOS E VALORES MOBILIÁRIOS S.A."
28719664,000,"Balcão B3","Sistema do Balcão B3"
28811341,554,"BCO STONEX S.A.","BANCO STONEX S.A."
29011780,,"CIP SA C3","CIP S.A"
29030467,751,"Scotiabank Brasil","Scotiabank Brasil S.A. Banco Múltiplo"
29162769,352,"SANTANDER CTVM S.A.","SANTANDER CORRETORA DE TÍTULOS E VALORES MOBILIÁRIOS S.A."
30306294,208,"BANCO BTG PACTUAL S.A.","Banco BTG Pactual S.A."
30498377,,CSDBR,"CSD CENTRAL DE SERVICOS DE REGISTRO E DEPOSITO AOS MERCADOS FINANCEIRO E DE CAPITAIS S.A."
30507541,683,"BRASIL CASH IP S.A.","BRASIL CASH INSTITUICAO DE PAGAMENTO S.A"
30680829,386,"NU FINANCEIRA S.A. CFI","NU FINANCEIRA S.A. - Sociedade de Crédito, Financiamento e Investimento"
30723871,675,"CASAS BAHIA PAY IP LTDA.","CASAS BAHIA PAY INSTITUIÇÃO DE PAGAMENTO LTDA."
30944783,557,"PAGPRIME IP","PAGPRIME INSTITUICAO DE PAGAMENTO LTDA"
30980539,546,"OKTO IP","OKTO INSTITUIÇÃO DE PAGAMENTO S.A."
31597552,241,"BCO CLASSICO S.A.","BANCO CLASSICO S.A."
31680151,783,"SWAP IP S.A.","SWAP INSTITUIÇÃO DE PAGAMENTO S.A."
31749596,398,"IDEAL CTVM S.A.","IDEAL CORRETORA DE TÍTULOS E VALORES MOBILIÁRIOS S.A."
31872495,336,"BCO C6 S.A.","Banco C6 S.A."
31880826,612,"BCO GUANABARA S.A.","Banco Guanabara S.A."
31895683,604,"BCO INDUSTRIAL DO BRASIL S.A.","Banco Industrial do Brasil S.A."
32062580,505,"BCO UBS BRASIL","BANCO UBS (BRASIL) S.A."
32074986,550,"BEETELLER IP LTDA.","BEETELLER INSTITUIÇÃO DE PAGAMENTO LTDA."
32192325,552,"UZZIPAY IP S.A.","UZZIPAY INSTITUIÇÃO DE PAGAMENTO S.A."
32402502,329,"QI SCD S.A.","QI Sociedade de Crédito Direto S.A."
32648370,196,"FAIR SOCIEDADE CC","FAIR SOCIEDADE CORRETORA DE CÂMBIO S.A."
32708748,662,"WE PAY OUT IP LTDA.","WE PAY OUT INSTITUICAO DE PAGAMENTO LTDA."
32820711,693,"EFEX IP","EFEX INSTITUIÇÃO DE PAGAMENTO S.A."
32997490,342,"CREDITAS SCD","Creditas Sociedade de Crédito Direto S.A."
33040601,567,"MERCANTIL FINANCEIRA","MERCANTIL FINANCEIRA S.A. - SOCIEDADE DE CRÉDITO, FINANCIAMENTO E INVESTIMENTO."
33042151,300,"BCO LA NACION ARGENTINA","Banco de la Nacion Argentina"
33042953,477,"CITIBANK N.A.","Citibank N.A."
33132044,266,"BCO CEDULA S.A.","BANCO CEDULA S.A."
33147315,122,"BCO BRADESCO BERJ S.A.","Banco Bradesco BERJ S.A."
33172537,376,"BCO J.P. MORGAN S.A.","BANCO J.P. MORGAN S.A."
33264668,348,"BCO XP S.A.","Banco XP S.A."
33466988,473,"BCO CAIXA GERAL BRASIL S.A.","Banco Caixa Geral - Brasil S.A."
33479023,745,"BCO CITIBANK S.A.","Banco Citibank S.A."
33588252,708,"BCO INDUSCRED DE INVESTIM. S/A","BANCO INDUSCRED DE INVESTIMENTO S.A."
33603457,120,"BCO RODOBENS S.A.","BANCO RODOBENS S.A."
33644196,265,"BCO FATOR S.A.","Banco Fator S.A."
33657248,007,BNDES,"BANCO NACIONAL DE DESENVOLVIMENTO ECONOMICO E SOCIAL"
33667205,583,"CCC POUP INV DO CENTRO NORTE DO BRASIL","COOPERATIVA CENTRAL DE CRÉDITO, POUPANÇA E INVESTIMENTO DO CENTRO NORTE DO BRASIL - CENTRAL SICREDI CENTRO NORTE"
33737818,582,"CCC POUP INV DE MS, GO, DF E TO","COOPERATIVA CENTRAL DE CRÉDITO, POUPANÇA E INVESTIMENTO DE MATO GROSSO DO SUL, GOIÁS, DISTRITO FEDERAL E TOCANTINS - CENTRAL SICREDI BRASIL CENTRAL"
33775974,188,"ATIVA S.A. INVESTIMENTOS CCTVM","ATIVA INVESTIMENTOS S.A. CORRETORA DE TÍTULOS, CÂMBIO E VALORES"
33862244,134,"BGC LIQUIDEZ DTVM LTDA","BGC LIQUIDEZ DISTRIBUIDORA DE TÍTULOS E VALORES MOBILIÁRIOS LTDA"
33884941,719,"BANCO MASTER MÚLTIPLO - EM LIQUIDAÇÃO EXTRAJUDICIAL","BANCO MASTER MÚLTIPLO S.A. - EM LIQUIDAÇÃO EXTRAJUDICIAL"
33886862,467,"MASTER S/A CCTVM - EM LIQUIDAÇÃO EXTRAJUDICIAL","MASTER S/A CORRETORA DE CÂMBIO, TÍTULOS E VALORES MOBILIÁRIOS - EM LIQUIDAÇÃO EXTRAJUDICIAL"
33923798,243,"BANCO MASTER - EM LIQUIDAÇÃO EXTRAJUDICIAL","BANCO MASTER S/A - EM LIQUIDAÇÃO EXTRAJUDICIAL"
33959738,774,"MOVA SEP S.A.","MOVA SOCIEDADE DE EMPRÉSTIMO ENTRE PESSOAS S.A."
34088029,397,"LISTO SCD S.A.","LISTO SOCIEDADE DE CREDITO DIRETO S.A."
34111187,078,"HAITONG BI DO BRASIL S.A.","Haitong Banco de Investimento do Brasil S.A."
34139916,760,"EMCASH SERV FINANC SEP S.A.","EMCASH SERVIÇOS FINANCEIROS SOCIEDADE DE EMPRÉSTIMO ENTRE PESSOAS S.A."
34265629,525,"INTERCAM CC LTDA","INTERCAM CORRETORA DE CÂMBIO LTDA."
34335592,355,"ÓTIMO SCD S.A.","ÓTIMO SOCIEDADE DE CRÉDITO DIRETO S.A."
34337707,531,"BMP SCD S.A.","BMP SOCIEDADE DE CRÉDITO DIRETO S.A"
34471744,660,"PAGME IP LTDA","PAGME INSTITUIÇÃO DE PAGAMENTO LTDA."
34747388,597,"ISSUER IP LTDA.","ISSUER INSTITUICAO DE PAGAMENTO LTDA."
34829992,528,"CBSF DTVM -EM LIQUIDAÇÃO EXTRAJUDICIAL","CBSF DISTRIBUIDORA DE TÍTULOS E VALORES MOBILIÁRIOS S.A.- EM LIQUIDAÇÃO EXTRAJUDICIAL"
35210410,659,"ONEKEY PAYMENTS IP S.A.","ONEKEY PAYMENTS INSTITUICAO DE PAGAMENTO SA"
35340796,687,"INCO SEP S.A.","INCO SOCIEDADE DE EMPRÉSTIMO ENTRE PESSOAS S.A."
35479592,676,"DUFRIO CFI S.A.","DUFRIO FINANCEIRA, CRÉDITO, FINANCIAMENTO E INVESTIMENTOS S.A."
35523352,695,"BEES IP LTDA.","BEES INSTITUICAO DE PAGAMENTO LTDA."
35551187,445,"PLANTAE CFI","PLANTAE S.A. - CRÉDITO, FINANCIAMENTO E INVESTIMENTO"
35713491,788,"PROTOTYPE IP S.A.","PROTOTYPE INSTITUICAO DE PAGAMENTO S.A."
35810871,586,"Z1 IP LTDA.","Z1 INSTITUIÇÃO DE PAGAMENTO LTDA."
35977097,373,"UP.P SEP S.A.","UP.P SOCIEDADE DE EMPRÉSTIMO ENTRE PESSOAS S.A."
36113876,111,"OLIVEIRA TRUST DTVM S.A.","OLIVEIRA TRUST DISTRIBUIDORA DE TÍTULOS E VALORES MOBILIARIOS S.A."
36266751,512,"FINVEST DTVM","FINVEST DISTRIBUIDORA DE TÍTULOS E VALORES MOBILIÁRIOS LTDA."
36321990,599,"AGORACRED S/A SCFI","AGORACRED S/A SOCIEDADE DE CRÉDITO, FINANCIAMENTO E INVESTIMENTO"
36583700,516,"QISTA S.A. CFI","QISTA S.A. - CRÉDITO, FINANCIAMENTO E INVESTIMENTO"
36586946,408,"BONUSPAGO SCD S.A.","BONUSPAGO SOCIEDADE DE CRÉDITO DIRETO S.A."
36690516,679,"PAY IP S.A.","PAY INSTITUICAO DE PAGAMENTO S.A."
36864992,484,"MAF DTVM SA","MAF DISTRIBUIDORA DE TÍTULOS E VALORES MOBILIÁRIOS S.A."
36947229,402,"COBUCCIO S.A. SCFI","COBUCCIO S/A - SOCIEDADE DE CRÉDITO, FINANCIAMENTO E INVESTIMENTOS"
37229413,507,"SCFI EFÍ S.A.","SOCIEDADE DE CRÉDITO, FINANCIAMENTO E INVESTIMENTO EFÍ S.A."
37241230,404,"SUMUP SCD S.A.","SUMUP SOCIEDADE DE CRÉDITO DIRETO S.A."
37414009,418,"ZIPDIN SCD S.A.","ZIPDIN SOLUÇÕES DIGITAIS SOCIEDADE DE CRÉDITO DIRETO S/A"
37470405,615,"SMART SOLUTIONS GROUP IP LTDA","SMART SOLUTIONS GROUP INSTITUICAO DE PAGAMENTO LTDA"
37526080,414,"LEND SCD S.A.","LEND SOCIEDADE DE CRÉDITO DIRETO S.A."
37555231,449,DM,"DM SOCIEDADE DE CRÉDITO DIRETO S.A."
37678915,587,"FIDD DTVM LTDA.","FIDD DISTRIBUIDORA DE TÍTULOS E VALORES MOBILIÁRIOS LTDA."
37679449,518,"MERCADO CRÉDITO SCFI S.A.","MERCADO CRÉDITO SOCIEDADE DE CRÉDITO, FINANCIAMENTO E INVESTIMENTO S.A."
37715993,406,"ACCREDITO SCD S.A.","ACCREDITO - SOCIEDADE DE CRÉDITO DIRETO S.A."
37753531,765,"PAGSMILE IP LTDA.","PAGSMILE INSTITUIÇÃO DE PAGAMENTO LTDA."
37880206,403,"CORA SCFI","CORA SOCIEDADE DE CRÉDITO, FINANCIAMENTO E INVESTIMENTO S.A."
38129006,419,"NUMBRS SCD S.A.","NUMBRS SOCIEDADE DE CRÉDITO DIRETO S.A."
38224857,435,"DELFINANCE SCD S.A.","DELFINANCE SOCIEDADE DE CREDITO DIRETO S.A."
38429045,455,"VIS DTVM LTDA","VIS DISTRIBUIDORA DE TÍTULOS E VALORES MOBILIÁRIOS LTDA"
38593706,544,"MULTICRED SCD S.A.","MULTICRED SOCIEDADE DE CRÉDITO DIRETO S.A."
39343350,421,"CC LAR CREDI","LAR COOPERATIVA DE CRÉDITO - LAR CREDI"
39416705,443,"OCTA SCD S.A. - EM LIQUIDAÇÃO EXTRAJUDICIAL","OCTA SOCIEDADE DE CRÉDITO DIRETO S.A. - EM LIQUIDAÇÃO EXTRAJUDICIAL"
39519944,535,"OPEA SCD","OPEA SOCIEDADE DE CRÉDITO DIRETO S.A."
39587424,457,"UY3 SCD S/A","UY3 SOCIEDADE DE CRÉDITO DIRETO S/A"
39664698,428,"CREDSYSTEM SCD S.A.","CREDSYSTEM SOCIEDADE DE CRÉDITO DIRETO S.A."
39669186,448,"HEMERA DTVM LTDA.","HEMERA DISTRIBUIDORA DE TÍTULOS E VALORES MOBILIÁRIOS LTDA."
39676772,452,"CREDIFIT SCD S.A.","CREDIFIT SOCIEDADE DE CRÉDITO DIRETO S.A."
39696395,596,"CACTVS IP S.A.","CACTVS INSTITUICAO DE PAGAMENTO S.A"
39738065,510,"FFCRED SCD S.A.","FFCRED SOCIEDADE DE CRÉDITO DIRETO S.A.."
39908427,462,"STARK SCD S.A.","STARK SOCIEDADE DE CRÉDITO DIRETO S.A."
40083667,465,"CAPITAL CONSIG SCD S.A.","CAPITAL CONSIG SOCIEDADE DE CRÉDITO DIRETO S.A."
40112555,636,"GIRO - SCD S/A","GIRO - SOCIEDADE DE CRÉDITO DIRETO S/A"
40276692,563,"PROTEGE CASH","PROTEGE CASH INSTITUIÇÃO DE PAGAMENTO S.A."
40333582,556,"SAYGO CÂMBIO","SAYGO CORRETORA DE CÂMBIO S.A."
40353377,305,"FOURTRADE COR. DE CAMBIO LTDA","FOURTRADE CORRETORA DE CÂMBIO LTDA."
40434681,463,"AZUMI DTVM","AZUMI DISTRIBUIDORA DE TíTULOS E VALORES MOBILIáRIOS LTDA."
40473435,590,"REPASSES FINANCEIROS E SOLUCOES TECNOLOGICAS IP S.A.","REPASSES FINANCEIROS E SOLUCOES TECNOLOGICAS INSTITUICAO DE PAGAMENTO S.A."
40475846,451,"J17 - SCD S/A","J17 - SOCIEDADE DE CRÉDITO DIRETO S/A"
40654622,444,"TRINUS SCD S.A.","TRINUS SOCIEDADE DE CRÉDITO DIRETO S.A."
40768766,519,"LIONS TRUST DTVM","LIONS TRUST DISTRIBUIDORA DE TÍTULOS E VALORES MOBILIÁRIOS LTDA."
41592532,454,"MÉRITO DTVM LTDA.","MÉRITO DISTRIBUIDORA DE TÍTULOS E VALORES MOBILIÁRIOS LTDA."
42047025,460,"UNAVANTI SCD S/A","UNAVANTI SOCIEDADE DE CRÉDITO DIRETO S/A"
42066258,506,RJI,"RJI CORRETORA DE TITULOS E VALORES MOBILIARIOS LTDA"
42259084,482,"ARTTA SCD","ARTTA SOCIEDADE DE CRÉDITO DIRETO S.A"
42272526,017,"BNY MELLON BCO S.A.","BNY Mellon Banco S.A."
42963742,759,"BANSUR JM SCD S.A.","BANSUR JM SOCIEDADE DE CRÉDITO DIRETO S/A"
43180355,174,"PEFISA S.A. - C.F.I.","PEFISA S.A. - CRÉDITO, FINANCIAMENTO E INVESTIMENTO"
43599047,481,"SUPERLÓGICA SCD S.A.","SUPERLÓGICA SOCIEDADE DE CRÉDITO DIRETO S.A."
43978697,688,"KIKAI SCD S.A.","KIKAI SOCIEDADE DE CRÉDITO DIRETO S.A."
44019481,521,"PEAK SEP S.A.","PEAK SOCIEDADE DE EMPRÉSTIMO ENTRE PESSOAS S.A."
44077014,433,"BR-CAPITAL DTVM S.A.","BR-CAPITAL DISTRIBUIDORA DE TÍTULOS E VALORES MOBILIÁRIOS S.A."
44189447,495,"BCO LA PROVINCIA B AIRES BCE","Banco de La Provincia de Buenos Aires"
44292580,523,"HR DIGITAL SCD","HR DIGITAL - SOCIEDADE DE CRÉDITO DIRETO S/A"
44323831,794,"ATUAL CC LTDA","ATUAL SOCIEDADE CORRETORA DE CÂMBIO LTDA"
44478623,527,"ATICCA SCD S.A.","ATICCA - SOCIEDADE DE CRÉDITO DIRETO S.A."
44663846,704,"FESTOR IP LTDA.","FESTOR INSTITUIÇÃO DE PAGAMENTO LTDA."
44683140,511,"MAGNUM SCD","MAGNUM SOCIEDADE DE CRÉDITO DIRETO S.A."
44705774,520,"SOMAPAY SCD S.A.","SOMAPAY SOCIEDADE DE CRÉDITO DIRETO S.A."
44728700,513,"ATF SCD S.A.","ATF SOCIEDADE DE CRÉDITO DIRETO S.A."
44782130,663,"ACTUAL DTVM S.A.","ACTUAL DISTRIBUIDORA DE TÍTULOS E VALORES MOBILIÁRIOS S.A."
44921281,792,"NIXFIN SCD","NIXFIN SOCIEDADE DE CRÉDITO DIRETO S.A."
45056494,697,"JM CORRETORA DE CÂMBIO","JM CORRETORA DE CÂMBIO LTDA."
45246410,125,"BANCO GENIAL","BANCO GENIAL S.A."
45283173,496,"BBVA BRASIL BI S.A.","BBVA BRASIL BANCO DE INVESTIMENTO S.A."
45331622,547,"BNK DIGITAL SCD S.A.","BNK DIGITAL SOCIEDADE DE CRÉDITO DIRETO S.A."
45548763,592,"MAPS IP LTDA.","INSTITUIÇÃO DE PAGAMENTOS MAPS LTDA."
45716916,678,"FIDEM SCD S/A","FIDEM SOCIEDADE DE CRÉDITO DIRETO S/A"
45745537,532,"FUTURO SCD","FUTURO SOCIEDADE DE CRÉDITO DIRETO S.A."
45756448,537,"MICROCASH SCMEPP LTDA.","MICROCASH SOCIEDADE DE CRÉDITO AO MICROEMPREENDEDOR E À EMPRESA DE PEQUENO PORTE LTDA."
45854066,524,"WNT CAPITAL DTVM","WNT CAPITAL DISTRIBUIDORA DE TÍTULOS E VALORES MOBILIÁRIOS S.A."
45860531,476,"IDEA MAKER IP LTDA","IDEA MAKER INSTITUICAO DE PAGAMENTO LTDA"
46026562,526,"MONETARIE SCD","MONETARIE SOCIEDADE DE CRÉDITO DIRETO S.A."
46505612,682,"MONERY IP S.A.","MONERY INSTITUICAO DE PAGAMENTO S.A."
46518205,488,"JPMORGAN CHASE BANK","JPMorgan Chase Bank, National Association"
47133056,669,"TRANSFERO IP LTDA.","TRANSFERO INSTITUICAO DE PAGAMENTO LTDA."
47381104,775,"CONTAAZUL IP LTDA.","CONTAAZUL INSTITUICAO DE PAGAMENTO LTDA."
47593544,522,"RED SCD S.A.","RED SOCIEDADE DE CRÉDITO DIRETO S.A."
47873449,530,"SER FINANCE SCD S.A.","SER FINANCE SOCIEDADE DE CRÉDITO DIRETO S.A."
48552108,667,"LIQUIDO IP LTDA","LIQUIDO INSTITUICAO DE PAGAMENTO LTDA"
48584954,575,"DGBK CREDIT S.A. - SOCIEDADE DE CRÉDITO DIRETO.","DGBK CREDIT S.A. - SOCIEDADE DE CRÉDITO DIRETO."
48632754,668,"CELCOIN SCD","CELCOIN SOCIEDADE DE CRÉDITO DIRETO S.A."
48703388,594,"ASA SCFI S.A.","ASA SOCIEDADE DE CRÉDITO FINANCIAMENTO E INVESTIMENTO S.A."
48707451,553,"PERCAPITAL SCD S.A.","PERCAPITAL SOCIEDADE DE CRÉDITO DIRETO S.A."
48756121,574,"A55 SCD S.A.","A55 SOCIEDADE DE CRÉDITO DIRETO S.A."
48795256,065,"BCO ANDBANK S.A.","Banco AndBank (Brasil) S.A."
48967968,551,"VERT DTVM LTDA.","VERT DISTRIBUIDORA DE TÍTULOS E VALORES MOBILIÁRIOS LTDA"
49288113,559,"KANASTRA CFI","KANASTRA FINANCEIRA S.A, CREDITO, FINANCIAMENTO E INVESTIMENTO"
49555647,579,"QUADRA SCD","QUADRA SOCIEDADE DE CRÉDITO DIRETO S.A."
49686505,691,"WASU IP LTDA.","WASU - WALLET SUPPORT INSTITUIÇÃO DE PAGAMENTO LTDA"
49931906,619,"TRIO IP LTDA.","TRIO INSTITUICAO DE PAGAMENTO LTDA."
49933388,568,"BRCONDOS SCD S.A.","BRCONDOS SOCIEDADE DE CRÉDITO DIRETO S.A."
50032584,696,"LOAN BRASIL SCD S.A.","LOAN BRASIL SOCIEDADE DE CRÉDITO DIRETO S.A."
50579044,145,"LEVYCAM CCV LTDA","LEVYCAM - CORRETORA DE CAMBIO E VALORES LTDA."
50585090,250,"BANCO BMG CONSIGNADO S.A.","BANCO BMG CONSIGNADO S.A."
50626276,598,"KONECT SCD S/A","KONECT SOCIEDADE DE CRÉDITO DIRETO S/A"
50871921,681,"MT IP S.A.","MT INSTITUICAO DE PAGAMENTO SA"
50946592,585,"SETHI SCD SA","SETHI SOCIEDADE DE CRÉDITO DIRETO S.A."
51118615,701,"INTEGRAÇÃO DE CRÉDITO E COBRANÇA SCD","INTEGRAÇÃO DE CRÉDITO E COBRANÇA SOCIEDADE DE CRÉDITO DIRETO S.A."
51118718,689,"NVIO BRASIL SCD S.A.","NVIO BRASIL SOCIEDADE DE CRÉDITO DIRETO S.A."
51212088,589,"G5 SCD SA","G5 SOCIEDADE DE CRÉDITO DIRETO S.A."
51342763,620,"REVOLUT SCD S.A.","REVOLUT SOCIEDADE DE CRÉDITO DIRETO S.A."
51414521,572,"ALL IN CRED SCD S.A.","ALL IN CRED SOCIEDADE DE CREDITO DIRETO S.A."
52067630,795,"BANCO TRATON BRASIL S.A.","BANCO TRATON BRASIL S.A."
52076716,786,"AWX BRASIL IP LTDA.","AWX BRASIL  INSTITUICAO DE PAGAMENTO LTDA"
52440987,614,"SANTS SCD S.A.","SANTS SOCIEDADE DE CRÉDITO DIRETO S.A."
52586293,632,"Z-ON SCD S.A.","Z-ON SOCIEDADE DE CRÉDITO DIRETO S.A."
52833288,766,"LB PAY IP LTDA","LB PAY INSTITUIÇÃO DE PAGAMENTO LTDA"
53505601,672,"STONE CFI S.A.","STONE SOCIEDADE DE CREDITO, FINANCIAMENTO E INVESTIMENTO S.A."
53518684,269,"BCO HSBC S.A.","BANCO HSBC S.A."
53822116,700,"MW IP LTDA.","MW INSTITUICAO DE PAGAMENTO LTDA"
53842122,761,"URBANO S.A. SCFI","URBANO S.A. - SOCIEDADE DE CRÉDITO, FINANCIAMENTO E INVESTIMENTO"
53908413,773,"KIWIFY IP","KIWIFY INSTITUICAO DE PAGAMENTO LTDA"
54024532,790,"MAX IP","MAX INSTITUIÇÃO DE PAGAMENTO LTDA"
54403563,213,"BCO ARBI S.A.","Banco Arbi S.A."
54641030,000,"Câmara B3","Câmara B3"
54647259,644,"321 SCD S.A.","321 SOCIEDADE DE CRÉDITO DIRETO S.A."
54811417,694,"WOOVI IP LTDA.","WOOVI INSTITUICAO DE PAGAMENTO LTDA"
55230916,139,"INTESA SANPAOLO BRASIL S.A. BM","Intesa Sanpaolo Brasil S.A. - Banco Múltiplo"
55428859,661,"FREEX SCC S.A.","FREEX SOCIEDADE CORRETORA DE CÂMBIO S.A."
55823094,680,"DELTA GLOBAL SCD S.A.","DELTA GLOBAL SOCIEDADE DE CRÉDITO DIRETO S.A."
56106523,763,"VUE IP S.A.","VUE INSTITUIÇÃO DE PAGAMENTO S.A."
56198117,692,"SQUID SCD S.A.","SQUID SOCIEDADE DE CRÉDITO DIRETO S.A."
56392166,684,"HARMOS S.A. - SCFI","HARMOS S.A. - SOCIEDADE DE CRÉDITO, FINANCIAMENTO E INVESTIMENTO"
57654096,789,"APUSDIGITAL IP LTDA.","APUSDIGITAL INSTITUICAO DE PAGAMENTO LTDA"
57824223,771,"WX IP LTDA.","WX INSTITUICAO DE PAGAMENTO LTDA"
57839805,018,"BCO TRICURY S.A.","Banco Tricury S.A."
58006471,781,"BARU DTVM LTDA.","BARU DISTRIBUIDORA DE TÍTULOS E VALORES MOBILIÁRIOS LTDA."
58160789,422,"BCO SAFRA S.A.","Banco Safra S.A."
58367961,698,"BIT SCD S.A.","BIT SOCIEDADE DE CRÉDITO DIRETO S.A."
58497702,630,"BANCO LETSBANK S.A. - EM LIQUIDAÇÃO EXTRAJUDICIAL","BANCO LETSBANK S.A. - EM LIQUIDAÇÃO EXTRAJUDICIAL"
58616418,224,"BCO FIBRA S.A.","Banco Fibra S.A."
59109165,393,"BCO VOLKSWAGEN S.A","Banco Volkswagen S.A."
59118133,600,"BCO LUSO BRASILEIRO S.A.","Banco Luso Brasileiro S.A."
59274605,390,"BCO GM S.A.","BANCO GM S.A."
59285411,623,"BANCO PAN","Banco Pan S.A."
59396084,699,"BFC SCD S.A.","BFC SOCIEDADE DE CRÉDITO DIRETO S.A."
59588111,655,"BCO VOTORANTIM S.A.","Banco Votorantim S.A."
60394079,479,"BCO ITAUBANK S.A.","Banco ItauBank S.A."
60498557,456,"BCO MUFG BRASIL S.A.","Banco MUFG Brasil S.A."
60518222,464,"BCO SUMITOMO MITSUI BRASIL S.A.","Banco Sumitomo Mitsui Brasileiro S.A."
60701190,341,"ITAÚ UNIBANCO S.A.","ITAÚ UNIBANCO S.A."
60746948,237,"BCO BRADESCO S.A.","Banco Bradesco S.A."
60814191,381,"BCO MERCEDES-BENZ S.A.","BANCO MERCEDES-BENZ DO BRASIL S.A."
60850229,613,"OMNI BANCO S.A.","Omni Banco S.A."
60889128,637,"BCO SOFISA S.A.","BANCO SOFISA S.A."
60934221,000,"Câmbio B3","Câmara de Câmbio B3"
61021673,793,"MAGALUPAY SCFI S.A.","MAGALUPAY - SOCIEDADE DE CRÉDITO, FINANCIAMENTO E INVESTIMENTO S.A."
61024352,653,"BM PLENO S.A. - EM LIQUIDAÇÃO EXTRAJUDICIAL","BANCO PLENO S.A. - EM LIQUIDAÇÃO EXTRAJUDICIAL"
61033106,069,"BCO CREFISA S.A.","Banco Crefisa S.A."
61088183,370,"BCO MIZUHO S.A.","Banco Mizuho do Brasil S.A."
61182408,249,"BANCO INVESTCRED UNIBANCO S.A.","Banco Investcred Unibanco S.A."
61186680,318,"BCO BMG S.A.","Banco BMG S.A."
61348538,626,"BCO C6 CONSIG","BANCO C6 CONSIGNADO S.A."
61384004,508,"AVENUE SECURITIES BI S.A.","AVENUE SECURITIES BANCO DE INVESTIMENTO S.A."
61533584,366,"BCO SOCIETE GENERALE BRASIL","BANCO SOCIETE GENERALE BRASIL S.A."
61723847,113,"NEON CTVM S.A.","NEON CORRETORA DE TÍTULOS E VALORES MOBILIÁRIOS S.A."
61747085,131,"TULLETT PREBON BRASIL CVC LTDA","TULLETT PREBON BRASIL CORRETORA DE VALORES E CÂMBIO LTDA"
61809182,011,"UBS (BRASIL) CORRETORA DE VALORES S.A.","UBS (BRASIL) CORRETORA DE VALORES S.A."
61820817,611,"BCO PAULISTA S.A.","Banco Paulista S.A."
62073200,755,"BOFA MERRILL LYNCH BM S.A.","Bank of America Merrill Lynch Banco Múltiplo S.A."
62109566,089,"CREDISAN CC","CREDISAN COOPERATIVA DE CRÉDITO"
62144175,643,"BCO PINE S.A.","Banco Pine S.A."
62169875,140,"NU INVESTIMENTOS S.A. - CTVM","NU INVESTIMENTOS S.A. - CORRETORA DE TÍTULOS E VALORES MOBILIÁRIOS"
62232889,707,"BCO DAYCOVAL S.A","Banco Daycoval S.A."
62237649,288,"CAROL DTVM LTDA.","CAROL DISTRIBUIDORA DE TITULOS E VALORES MOBILIARIOS LTDA."
62264924,767,QORE,"QORE DISTRIBUIDORA DE TITULOS E VALORES MOBILIÁRIOS LTDA"
62285390,363,"QI CTVM S.A.","QI CORRETORA DE TÍTULOS E VALORES MOBILIÁRIOS S.A."
62287735,101,"WARREN RENA DTVM","WARREN RENA DISTRIBUIDORA DE TÍTULOS E VALORES MOBILIÁRIOS LTDA"
62331228,487,"DEUTSCHE BANK S.A.BCO ALEMAO","DEUTSCHE BANK S.A. - BANCO ALEMAO"
62421979,233,"BANCO BMG SOLUÇÕES FINANCEIRAS S.A.","BANCO BMG SOLUÇÕES FINANCEIRAS S.A."
62448932,791,"MULTIPLIKE FINANCEIRA S.A. SCFI","MULTIPLIKE FINANCEIRA S.A. SOCIEDADE DE CRÉDITO, FINANCIAMENTO E INVESTIMENTO"
63019146,564,"J17 CFI S.A.","J17 - SOCIEDADE DE CRÉDITO, FINANCIAMENTO E INVESTIMENTO S/A"
67030395,438,"TRUSTEE DTVM LTDA.","TRUSTEE DISTRIBUIDORA DE TÍTULOS E VALORES MOBILIÁRIOS LTDA."
68757681,365,SIMPAUL,"SIMPAUL CORRETORA DE CAMBIO E VALORES MOBILIARIOS  S.A."
68900810,633,"BCO RENDIMENTO S.A.","Banco Rendimento S.A."
70119680,581,"CENTRAL NORDESTE","COOPERATIVA CENTRAL DE CRÉDITO, POUPANÇA E INVESTIMENTO DO NORDESTE - CENTRAL SICREDI NORDESTE"
71027866,218,"BCO BS2 S.A.","Banco BS2 S.A."
71590442,293,"LASTRO RDV DTVM LTDA","Lastro RDV Distribuidora de Títulos e Valores Mobiliários Ltda."
73302408,514,"EXIM CC LTDA.","EXIM CORRETORA DE CAMBIO LTDA"
73622748,080,"BT CC LTDA.","BT CORRETORA DE CÂMBIO LTDA."
74014747,565,"ÁGORA CTVM S.A.","ÁGORA CORRETORA DE TITULOS E VALORES MOBILIARIOS S.A."
74828799,753,"NOVO BCO CONTINENTAL S.A. - BM","Novo Banco Continental S.A. - Banco Múltiplo"
75647891,222,"BCO CRÉDIT AGRICOLE BR S.A.","BANCO CRÉDIT AGRICOLE BRASIL S.A."
76461557,281,"CCR COOPAVEL","Cooperativa de Crédito Rural Coopavel"
76543115,754,"BANCO SISTEMA","Banco Sistema S.A."
78626983,610,"BCO VR S.A.","Banco VR S.A."
78632767,712,"OURIBANK S.A.","OURIBANK S.A. BANCO MÚLTIPLO"
80230774,584,"CCC POUP E INV DOS ESTADOS DO PR, SP E RJ","COOPERATIVA CENTRAL DE CRÉDITO, POUPANÇA E INVESTIMENTO DOS ESTADOS DO PARANÁ, SÃO PAULO E RIO DE JANEIRO - CENTRAL SICREDI PR/SP/RJ"
80271455,720,"BCO RNX S.A.","BANCO RNX S.A."
81723108,010,CREDICOAMO,"CREDICOAMO CREDITO RURAL COOPERATIVA"
82096447,440,"COOP CREDI&GENTE","CREDI&GENTE - COOPERATIVA DE CRÉDITO E INVESTIMENTOS"
87437687,580,"CCCPOUPINV SUL E SUDESTE - CENTRAL SUL/SUDESTE","COOPERATIVA CENTRAL DE CRÉDITO, POUPANÇA E INVESTIMENTO DO SUL E SUDESTE - CENTRAL SICREDI SUL/SUDESTE"
89960090,283,"RB INVESTIMENTOS DTVM LTDA.","RB INVESTIMENTOS DISTRIBUIDORA DE TITULOS E VALORES MOBILIARIOS LIMITADA"
90400888,033,"BCO SANTANDER (BRASIL) S.A.","BANCO SANTANDER (BRASIL) S.A."
91669747,646,"DM SCFI","DM SOCIEDADE DE CRÉDITO, FINANCIAMENTO E INVESTIMENTO S.A"
91884981,217,"BANCO JOHN DEERE S.A.","Banco John Deere S.A."
92702067,041,"BCO DO ESTADO DO RS S.A.","Banco do Estado do Rio Grande do Sul S.A."
92825397,543,COOPCRECE,"COOPERATIVA DE ECONOMIA E CRÉDITO MÚTUO DOS ELETRICITÁRIOS E DOS TRABALHADORES DAS EMPRESAS DO SETOR DE ENERGIA - COOPCRECE"
92874270,654,"BCO DIGIMAIS S.A.","BANCO DIGIMAIS S.A."
92894922,212,"BANCO ORIGINAL","Banco Original S.A."
94968518,289,"EFX CC LTDA.","EFX CORRETORA DE CÂMBIO LTDA."
